"storm_event_id","storm_date","storm_duration","storm_name","storm_issues","daily_total_rainfall","rainfall_rate","total_snowfall","wind_speed","storm_start_date","days_part","hours_part","duration_period","storm_end","window_end"
"SW0390","1/18/2015 06:00 AM","1 day","Winter Storm Event","Freezing Precipitation",NA,"0.01-1",NA,"1-20",2015-01-18 06:00:00,1,0,1d 0H 0M 0S,2015-01-19 06:00:00,2015-01-20 06:00:00
"SW0391","1/24/2015 12:00 AM","1 day","Light Snow, High Wind Event","High Winds","0.01-0.99","0.01-1","0.01-5.99","1-20",2015-01-24,1,0,1d 0H 0M 0S,2015-01-25,2015-01-26
"SW0392","1/26/2015 08:00 AM","1 day","January 2015 North American Blizzard ""Winter Storm Juno""","High Winds, Heavy Snow","0.01-0.99","0.01-1","12+","21-40",2015-01-26 08:00:00,1,0,1d 0H 0M 0S,2015-01-27 08:00:00,2015-01-28 08:00:00
"SW0393","1/30/2015 06:00 PM","21 hours, 55 minutes","High Wind Event","High Winds",NA,NA,"0.01-5.99","21-40",2015-01-30 18:00:00,0,21,21H 0M 0S,2015-01-31 15:00:00,2015-02-01 15:00:00
"SW0394","2/1/2015 09:00 PM","1 day","Winter Storm Event","Heavy Snow","1-1.99","0.01-1","0.01-5.99",NA,2015-02-01 21:00:00,1,0,1d 0H 0M 0S,2015-02-02 21:00:00,2015-02-03 21:00:00
"SW0395","2/2/2015 12:00 AM","1 day","Winter Storm Event","Heavy Snow","1-1.99","0.01-1","0.01-5.99",NA,2015-02-02,1,0,1d 0H 0M 0S,2015-02-03,2015-02-04
"SW0396","2/13/2015 12:51 AM","2 days, 21 hours","Light Snow, High Wind Event","High Winds","0.01-0.99","0.01-1","0.01-5.99","21-40",2015-02-13 00:51:00,2,21,2d 21H 0M 0S,2015-02-15 21:51:00,2015-02-16 21:51:00
"SW0398","2/21/2015 12:00 AM","1 day","Light Snow, Ice Event","Freezing Precipitation","0.01-0.99","0.01-1","0.01-5.99","21-40",2015-02-21,1,0,1d 0H 0M 0S,2015-02-22,2015-02-23
"SW0399","3/1/2015 12:00 AM","1 day","Winter Storm Event","Heavy Snow","0.01-0.99","0.01-1","6-11.99","1-20",2015-03-01,1,0,1d 0H 0M 0S,2015-03-02,2015-03-03
"SW0400","3/5/2015 12:00 AM","2 days, 15 hours","Winter Storm Event","Heavy Snow","0.01-0.99","0.01-1","6-11.99","21-40",2015-03-05,2,15,2d 15H 0M 0S,2015-03-07 15:00:00,2015-03-08 15:00:00
"SW0402","4/2/2015 12:00 AM","3 days","High Wind Event","High Winds, Flash Flooding","2-2.99","2-3",NA,"21-40",2015-04-02,3,0,3d 0H 0M 0S,2015-04-05,2015-04-06
"SW0404","5/31/2015 12:00 AM","1 day","Heavy Rain, Flash Flood Event","Flash Flooding","2-2.99","1-2",NA,"1-20",2015-05-31,1,0,1d 0H 0M 0S,2015-06-01,2015-06-02
"SW0405","6/23/2015 12:00 AM","1 day","Heavy Rain Event","Flash Flooding","0.01-0.99","0.01-1",NA,"1-20",2015-06-23,1,0,1d 0H 0M 0S,2015-06-24,2015-06-25
"SW0406","6/28/2015 12:00 AM","1 day","Heavy Rain Event","Flash Flooding","0.01-0.99","0.01-1",NA,"1-20",2015-06-28,1,0,1d 0H 0M 0S,2015-06-29,2015-06-30
"SW0407","7/1/2015 12:00 AM","1 day","Heavy Rain, Flash Flood Event","Flash Flooding, High Winds","0.01-0.99","0.01-1",NA,"1-20",2015-07-01,1,0,1d 0H 0M 0S,2015-07-02,2015-07-03
"SW0408","8/4/2015 12:00 AM","1 day","High Wind Event","High Winds, Flash Flooding","2-2.99","2-3",NA,NA,2015-08-04,1,0,1d 0H 0M 0S,2015-08-05,2015-08-06
"SW0410","8/21/2015 02:00 AM","8 hours","Heavy Rain Event","Flash Flooding","2-2.99","1-2",NA,"1-20",2015-08-21 02:00:00,0,8,8H 0M 0S,2015-08-21 10:00:00,2015-08-22 10:00:00
"SW0414","1/9/2016 12:00 AM","1 day, 19 hours","High Wind, Coastal Flood Event","Coastal Flooding, High Winds","2-2.99","0.01-1",NA,"1-20",2016-01-09,1,19,1d 19H 0M 0S,2016-01-10 19:00:00,2016-01-11 19:00:00
"SW0415","1/22/2016 02:00 AM","1 day, 20 hours","January 2016 Blizzard ""Winter Storm Jonas""","High Winds, Heavy Snow, Coastal Flooding","2-2.99","0.01-1","12+","21-40",2016-01-22 02:00:00,1,20,1d 20H 0M 0S,2016-01-23 22:00:00,2016-01-24 22:00:00
"SW0416","2/8/2016 06:00 AM","1 day, 5 hours","February 2016 Snow Event ""Winter Storm Mars""","Coastal Flooding","0.01-0.99","0.01-1","0.01-5.99","1-20",2016-02-08 06:00:00,1,5,1d 5H 0M 0S,2016-02-09 11:00:00,2016-02-10 11:00:00
"SW0417","2/16/2016 10:57 AM","1 day, 1 hour","High Wind Event","High Winds","1-1.99","0.01-1",NA,"21-40",2016-02-16 10:57:00,1,1,1d 1H 0M 0S,2016-02-17 11:57:00,2016-02-18 11:57:00
"SW0418","2/24/2016 06:00 PM","12 hours","High Wind Event","High Winds","0.01-0.99","0.01-1",NA,"21-40",2016-02-24 18:00:00,0,12,12H 0M 0S,2016-02-25 06:00:00,2016-02-26 06:00:00
"SW0419","3/28/2016 04:00 PM","13 hours","High Wind Event","High Winds","0.01-0.99","0.01-1",NA,"21-40",2016-03-28 16:00:00,0,13,13H 0M 0S,2016-03-29 05:00:00,2016-03-30 05:00:00
"SW0420","4/2/2016 06:02 AM","1 day, 6 hours","High Wind Event","High Winds","0.01-0.99","0.01-1",NA,"21-40",2016-04-02 06:02:00,1,6,1d 6H 0M 0S,2016-04-03 12:02:00,2016-04-04 12:02:00
"SW0421","6/5/2016 02:00 PM","4 hours","Heavy Rain, High Wind Event","Flash Flooding","0.01-0.99","0.01-1",NA,"1-20",2016-06-05 14:00:00,0,4,4H 0M 0S,2016-06-05 18:00:00,2016-06-06 18:00:00
"SW0422","7/14/2016 01:00 PM","4 days, 7 hours","High Wind Event, Extreme Heat Event","Extreme Heat, High Winds",NA,"0.01-1",NA,"1-20",2016-07-14 13:00:00,4,7,4d 7H 0M 0S,2016-07-18 20:00:00,2016-07-19 20:00:00
"SW0424","7/21/2016 04:57 PM","1 week, 2 days","Heavy Rain, High Wind Event, Extreme Heat Event","High Winds, Extreme Heat, Flash Flooding","3-3.99","1-2",NA,"21-40",2016-07-21 16:57:00,0,0,0S,2016-07-21 16:57:00,2016-07-22 16:57:00
"SW0426","11/20/2016 02:54 AM","2 days, 7 hours","High Wind Event","High Winds","0.01-0.99","0.01-1",NA,"21-40",2016-11-20 02:54:00,2,7,2d 7H 0M 0S,2016-11-22 09:54:00,2016-11-23 09:54:00
"SW0428","12/15/2016 10:51 AM","2 hours, 9 minutes","High Wind, Extreme Cold Event","High Winds, Extreme Cold",NA,NA,NA,"1-20",2016-12-15 10:51:00,0,2,2H 0M 0S,2016-12-15 12:51:00,2016-12-16 12:51:00
"SW0429","1/7/2017 11:00 AM","9 hours","Winter Storm Event ""Winter Storm Helena""","Heavy Snow","0.01-0.99","0.01-1","6-11.99","21-40",2017-01-07 11:00:00,0,9,9H 0M 0S,2017-01-07 20:00:00,2017-01-08 20:00:00
"SW0430","2/9/2017 07:00 AM","6 hours","Winter Storm Event ""Winter Storm Niko""","Heavy Snow, High Winds","0.01-0.99","0.01-1","6-11.99","21-40",2017-02-09 07:00:00,0,6,6H 0M 0S,2017-02-09 13:00:00,2017-02-10 13:00:00
"SW0431","3/14/2017 02:00 AM","1 day, 18 hours","March 2017 Nor'easter ""Winter Storm Stella""","High Winds, Heavy Snow, Coastal Flooding","1-1.99","0.01-1","6-11.99","21-40",2017-03-14 02:00:00,1,18,1d 18H 0M 0S,2017-03-15 20:00:00,2017-03-16 20:00:00
"SW0432","5/5/2017 09:00 AM","7 hours","Heavy Rain Event","Flash Flooding","3-3.99","1-2",NA,"21-40",2017-05-05 09:00:00,0,7,7H 0M 0S,2017-05-05 16:00:00,2017-05-06 16:00:00
"SW0540","6/19/2017 03:53 PM","1 hour, 13 minutes","Flash/Inland Flooding, Heavy Rain Event","Flash Flooding","0.01-0.99","0.01-1",NA,"21-40",2017-06-19 15:53:00,0,1,1H 0M 0S,2017-06-19 16:53:00,2017-06-20 16:53:00
"SW0542","8/2/2017 04:37 PM","30 minutes","Flash/Inland Flooding Event","Flash Flooding","1-1.99","1-2",NA,"1-20",2017-08-02 16:37:00,0,0,0S,2017-08-02 16:37:00,2017-08-03 16:37:00
"SW0544","10/29/2017 06:00 PM","2 hours, 20 minutes","Heavy Rain Event","Coastal Flooding, Flash Flooding","0.01-0.99","0.01-1",NA,"21-40",2017-10-29 18:00:00,0,2,2H 0M 0S,2017-10-29 20:00:00,2017-10-30 20:00:00
"SW0545","11/10/2017 07:00 AM","1 hour","High Wind Event","High Winds",NA,NA,NA,"21-40",2017-11-10 07:00:00,0,1,1H 0M 0S,2017-11-10 08:00:00,2017-11-11 08:00:00
"SW0546","11/19/2017 10:00 AM","4 hours","High Wind Event","High Winds",NA,NA,NA,"21-40",2017-11-19 10:00:00,0,4,4H 0M 0S,2017-11-19 14:00:00,2017-11-20 14:00:00
"SW0547","12/9/2017 09:00 AM","14 hours","Heavy Snow Event ""Winter Storm Benji""","Heavy Snow","0.01-0.99","0.01-1","0.01-5.99","1-20",2017-12-09 09:00:00,0,14,14H 0M 0S,2017-12-09 23:00:00,2017-12-10 23:00:00
"SW0548","12/25/2017 07:00 AM","5 hours","High Wind Event","High Winds","0.01-0.99","0.01-1",NA,"21-40",2017-12-25 07:00:00,0,5,5H 0M 0S,2017-12-25 12:00:00,2017-12-26 12:00:00
"SW0526","1/4/2018 03:00 AM","15 hours, 30 minutes","January 4 Blizzard ""Winter Storm Grayson""","High Winds, Heavy Snow, Coastal Flooding","1-1.99","0.01-1","6-11.99","21-40",2018-01-04 03:00:00,0,15,15H 0M 0S,2018-01-04 18:00:00,2018-01-05 18:00:00
"SW0527","1/30/2018 06:30 AM","1 hour","Flooding Event","Coastal Flooding, Flash Flooding","0.01-0.99","0.01-1","0.01-5.99","1-20",2018-01-30 06:30:00,0,1,1H 0M 0S,2018-01-30 07:30:00,2018-01-31 07:30:00
"SW0528","2/7/2018 08:00 AM","11 hours","Freezing Rain Event","Freezing Precipitation","1-1.99","1-2","0.01-5.99","21-40",2018-02-07 08:00:00,0,11,11H 0M 0S,2018-02-07 19:00:00,2018-02-08 19:00:00
"SW0529","2/17/2018 05:00 PM","7 hours, 30 minutes","Heavy Snow Event","Heavy Snow","0.01-0.99","0.01-1","0.01-5.99","1-20",2018-02-17 17:00:00,0,7,7H 0M 0S,2018-02-18,2018-02-19
"SW0530","3/2/2018 07:00 AM","1 day, 16 hours","March 2-5 Nor'Easter ""Winter Storm Riley""","High Winds, Coastal Flooding","1-1.99","0.01-1","0.01-5.99","21-40",2018-03-02 07:00:00,1,16,1d 16H 0M 0S,2018-03-03 23:00:00,2018-03-04 23:00:00
"SW0531","3/7/2018 02:00 AM","20 hours","March 7-8 Nor'Easter ""Winter Storm Quinn""","Coastal Flooding, High Winds","1-1.99","0.01-1","0.01-5.99","21-40",2018-03-07 02:00:00,0,20,20H 0M 0S,2018-03-07 22:00:00,2018-03-08 22:00:00
"SW0532","3/13/2018 12:00 AM","13 hours, 30 minutes","March 13-15 Nor'Easter "" Winter Storm Skylar""","High Winds","0.01-0.99","0.01-1","0.01-5.99","21-40",2018-03-13,0,13,13H 0M 0S,2018-03-13 13:00:00,2018-03-14 13:00:00
"SW0533","3/21/2018 05:00 AM","1 day, 2 hours","March 20-22 Nor'Easter ""Winter Storm Toby""","High Winds, Heavy Snow","0.01-0.99","0.01-1","12+","21-40",2018-03-21 05:00:00,1,2,1d 2H 0M 0S,2018-03-22 07:00:00,2018-03-23 07:00:00
"SW0534","4/2/2018 05:00 AM","7 hours","Winter Storm Event","Heavy Snow","0.01-0.99","0.01-1","0.01-5.99","1-20",2018-04-02 05:00:00,0,7,7H 0M 0S,2018-04-02 12:00:00,2018-04-03 12:00:00
"SW0535","4/4/2018 05:00 PM","2 hours","High Wind Event","High Winds",NA,"0.01-1",NA,"21-40",2018-04-04 17:00:00,0,2,2H 0M 0S,2018-04-04 19:00:00,2018-04-05 19:00:00
"SW0536","4/16/2018 06:23 AM","14 hours, 37 minutes","Flash/Inland Flooding, Heavy Rain, High Wind Event","High Winds, Coastal Flooding, Flash Flooding","2-2.99","0.01-1",NA,"21-40",2018-04-16 06:23:00,0,14,14H 0M 0S,2018-04-16 20:23:00,2018-04-17 20:23:00
"SW0537","5/15/2018 04:20 PM","1 hour, 15 minutes","Tornado Event","High Winds, Tornado","1-1.99","1-2",NA,"1-20",2018-05-15 16:20:00,0,1,1H 0M 0S,2018-05-15 17:20:00,2018-05-16 17:20:00
"SW0538","6/28/2018 05:38 PM","41 minutes","Flash Flood Event","Flash Flooding","1-1.99","0.01-1",NA,"1-20",2018-06-28 17:38:00,0,0,0S,2018-06-28 17:38:00,2018-06-29 17:38:00
"SW0651","7/27/2018 04:39 PM","1 day, 1 hour","Heavy Rain, Flash/Inland Flooding Event","Flash Flooding","4+","2-3",NA,"1-20",2018-07-27 16:39:00,1,1,1d 1H 0M 0S,2018-07-28 17:39:00,2018-07-29 17:39:00
"SW0653","10/27/2018 12:00 AM","1 day, 23 hours","Nor'Easter","High Winds, Coastal Flooding","1-1.99","0.01-1",NA,"21-40",2018-10-27,1,23,1d 23H 0M 0S,2018-10-28 23:00:00,2018-10-29 23:00:00
"SW0759","3/4/2019 12:00 AM","1 day","Heavy Snow Event","Heavy Snow","0.01-0.99","0.01-1","0.01-5.99","21-40",2019-03-04,1,0,1d 0H 0M 0S,2019-03-05,2019-03-06
"SW0760","11/15/2018 12:00 AM","1 day","Winter Storm Avery","Heavy Snow, High Winds, Coastal Flooding","0.01-0.99","0.01-1","6-11.99","21-40",2018-11-15,1,0,1d 0H 0M 0S,2018-11-16,2018-11-17
"SW0761","1/2/2016 03:59 AM","1 day","Heavy Rain Event","Flash Flooding",NA,NA,NA,NA,2016-01-02 03:59:00,1,0,1d 0H 0M 0S,2016-01-03 03:59:00,2016-01-04 03:59:00
"SW0764","6/1/2016 10:30 AM","1 day","Heavy Rain Event","Flash Flooding","1-1.99","1-2",NA,"1-20",2016-06-01 10:30:00,1,0,1d 0H 0M 0S,2016-06-02 10:30:00,2016-06-03 10:30:00
"SW0765","6/24/2016 11:59 PM","1 day","Heavy Rain Event","Flash Flooding","1-1.99","1-2",NA,"1-20",2016-06-24 23:59:00,1,0,1d 0H 0M 0S,2016-06-25 23:59:00,2016-06-26 23:59:00
"SW0766","6/8/2016 12:59 PM","1 day","Heavy Rain Event","Flash Flooding","1-1.99","1-2",NA,"21-40",2016-06-08 12:59:00,1,0,1d 0H 0M 0S,2016-06-09 12:59:00,2016-06-10 12:59:00
"SW0767","7/22/2016 11:52 AM","1 day","Heavy Rain Event","Flash Flooding","3-3.99","1-2",NA,NA,2016-07-22 11:52:00,1,0,1d 0H 0M 0S,2016-07-23 11:52:00,2016-07-24 11:52:00
"SW0768","8/20/2016 03:51 PM","1 day","Heavy Rain Event","Flash Flooding","1-1.99","1-2",NA,"1-20",2016-08-20 15:51:00,1,0,1d 0H 0M 0S,2016-08-21 15:51:00,2016-08-22 15:51:00
"SW0769","1/23/2015 06:54 PM","1 day","Heavy Rain Event","Flash Flooding","1-1.99","1-2","0.01-5.99","1-20",2015-01-23 18:54:00,1,0,1d 0H 0M 0S,2015-01-24 18:54:00,2015-01-25 18:54:00
"SW0770","2/28/2015 12:59 PM","1 day","Heavy Rain Event","Flash Flooding","4+","2-3","0.01-5.99","1-20",2015-02-28 12:59:00,1,0,1d 0H 0M 0S,2015-03-01 12:59:00,2015-03-02 12:59:00
"SW0771","3/2/2015 02:55 PM","1 day","Heavy Rain Event","Flash Flooding","2-2.99","1-2","0.01-5.99",NA,2015-03-02 14:55:00,1,0,1d 0H 0M 0S,2015-03-03 14:55:00,2015-03-04 14:55:00
"SW0772","3/4/2015 06:57 PM","1 day, 26 minutes","Heavy Rain Event","Heavy Snow","1-1.99","1-2","6-11.99","1-20",2015-03-04 18:57:00,1,0,1d 0H 0M 0S,2015-03-05 18:57:00,2015-03-06 18:57:00
"SW0773","4/4/2015 08:29 PM","1 day","Heavy Rain Event","Flash Flooding","2-2.99","2-3",NA,"21-40",2015-04-04 20:29:00,1,0,1d 0H 0M 0S,2015-04-05 20:29:00,2015-04-06 20:29:00
"SW0774","5/30/2015 06:45 PM","1 day","Heavy Rain Event","Flash Flooding","1-1.99","1-2",NA,"1-20",2015-05-30 18:45:00,1,0,1d 0H 0M 0S,2015-05-31 18:45:00,2015-06-01 18:45:00
"SW0775","8/4/2015 10:45 AM","1 day","Heavy Rain Event","Flash Flooding","2-2.99","2-3",NA,NA,2015-08-04 10:45:00,1,0,1d 0H 0M 0S,2015-08-05 10:45:00,2015-08-06 10:45:00
"SW0776","8/21/2015 05:51 AM","1 day","Heavy Rain Event","Flash Flooding","1-1.99","1-2",NA,"1-20",2015-08-21 05:51:00,1,0,1d 0H 0M 0S,2015-08-22 05:51:00,2015-08-23 05:51:00
"SW0810","1/13/2016 12:47 AM","1 day","High Wind Event","High Winds",NA,NA,NA,"21-40",2016-01-13 00:47:00,1,0,1d 0H 0M 0S,2016-01-14 00:47:00,2016-01-15 00:47:00
"SW0811","1/20/2016 03:51 AM","1 day","High Wind Event","High Winds",NA,NA,NA,"1-20",2016-01-20 03:51:00,1,0,1d 0H 0M 0S,2016-01-21 03:51:00,2016-01-22 03:51:00
"SW0814","10/23/2016 01:54 PM","1 day","High Wind Event","High Winds","0.01-0.99","0.01-1",NA,NA,2016-10-23 13:54:00,1,0,1d 0H 0M 0S,2016-10-24 13:54:00,2016-10-25 13:54:00
"SW0815","11/20/2016 02:54 PM","1 day, 19 hours","High Wind Event","High Winds","0.01-0.99","0.01-1",NA,"21-40",2016-11-20 14:54:00,1,19,1d 19H 0M 0S,2016-11-22 09:54:00,2016-11-23 09:54:00
"SW0838","2/13/2016 10:54 AM","6 hours","High Wind Event","High Winds",NA,NA,NA,"21-40",2016-02-13 10:54:00,0,6,6H 0M 0S,2016-02-13 16:54:00,2016-02-14 16:54:00
"SW0844","3/2/2016 07:54 AM","1 day","High Wind Event","High Winds",NA,NA,NA,"21-40",2016-03-02 07:54:00,1,0,1d 0H 0M 0S,2016-03-03 07:54:00,2016-03-04 07:54:00
"SW0850","4/7/2016 12:59 PM","1 day","High Wind Event","High Winds","0.01-0.99","0.01-1",NA,"21-40",2016-04-07 12:59:00,1,0,1d 0H 0M 0S,2016-04-08 12:59:00,2016-04-09 12:59:00
"SW0853","6/12/2016 11:54 AM","1 hour","High Wind Event","High Winds",NA,NA,NA,"1-20",2016-06-12 11:54:00,0,1,1H 0M 0S,2016-06-12 12:54:00,2016-06-13 12:54:00
"SW0946","1/23/2017 02:30 PM","1 day","Heavy Rain Event","Coastal Flooding, Flash Flooding, High Winds","1-1.99","0.01-1",NA,"21-40",2017-01-23 14:30:00,1,0,1d 0H 0M 0S,2017-01-24 14:30:00,2017-01-25 14:30:00
"SW0947","3/1/2017 07:30 PM","1 day","Heavy Rain Event","High Winds, Flash Flooding","2-2.99","2-3",NA,"21-40",2017-03-01 19:30:00,1,0,1d 0H 0M 0S,2017-03-02 19:30:00,2017-03-03 19:30:00
"SW0948","3/19/2017 04:25 PM","1 day","Heavy Snow Event","Heavy Snow","2-2.99","2-3",NA,"1-20",2017-03-19 16:25:00,1,0,1d 0H 0M 0S,2017-03-20 16:25:00,2017-03-21 16:25:00
"SW0949","3/23/2017 02:25 PM","1 day","Heavy Rain Event","Flash Flooding","4+","2-3",NA,"21-40",2017-03-23 14:25:00,1,0,1d 0H 0M 0S,2017-03-24 14:25:00,2017-03-25 14:25:00
"SW0950","3/30/2017 01:25 PM","1 day","Heavy Rain Event","Flash Flooding, Coastal Flooding","2-2.99","1-2",NA,"21-40",2017-03-30 13:25:00,1,0,1d 0H 0M 0S,2017-03-31 13:25:00,2017-04-01 13:25:00
"SW0951","4/2/2017 02:25 PM","1 day, 1 hour","Heavy Rain Event","Flash Flooding","3-3.99","2-3",NA,"21-40",2017-04-02 14:25:00,1,1,1d 1H 0M 0S,2017-04-03 15:25:00,2017-04-04 15:25:00
"SW0953","4/8/2017 02:25 PM","1 day","Heavy Rain Event","Flash Flooding","1-1.99","0.01-1",NA,"21-40",2017-04-08 14:25:00,1,0,1d 0H 0M 0S,2017-04-09 14:25:00,2017-04-10 14:25:00
"SW0954","4/11/2017 03:25 PM","1 day","Heavy Rain Event","Flash Flooding","2-2.99","2-3",NA,"1-20",2017-04-11 15:25:00,1,0,1d 0H 0M 0S,2017-04-12 15:25:00,2017-04-13 15:25:00
"SW0955","4/18/2017 02:25 PM","1 day","Heavy Rain Event","Flash Flooding","4+","2-3",NA,"1-20",2017-04-18 14:25:00,1,0,1d 0H 0M 0S,2017-04-19 14:25:00,2017-04-20 14:25:00
"SW0959","4/29/2017 05:58 AM","1 day","Heavy Rain Event","Flash Flooding","1-1.99","1-2",NA,NA,2017-04-29 05:58:00,1,0,1d 0H 0M 0S,2017-04-30 05:58:00,2017-05-01 05:58:00
"SW0961","5/8/2017 03:25 PM","1 day, 23 hours","Heavy Rain Event","Flash Flooding",NA,"2-3",NA,"1-20",2017-05-08 15:25:00,1,23,1d 23H 0M 0S,2017-05-10 14:25:00,2017-05-11 14:25:00
"SW0962","6/24/2017 06:54 AM","5 minutes","Heavy Rain Event","Flash Flooding","1-1.99","1-2",NA,"1-20",2017-06-24 06:54:00,0,0,0S,2017-06-24 06:54:00,2017-06-25 06:54:00
"SW0963","7/7/2017 10:54 AM","1 day","Heavy Rain Event","Flash Flooding","2-2.99","1-2",NA,"1-20",2017-07-07 10:54:00,1,0,1d 0H 0M 0S,2017-07-08 10:54:00,2017-07-09 10:54:00
"SW0964","7/11/2017 12:30 PM","1 day","Heavy Rain Event","Flash Flooding","2-2.99","2-3",NA,"1-20",2017-07-11 12:30:00,1,0,1d 0H 0M 0S,2017-07-12 12:30:00,2017-07-13 12:30:00
"SW0967","6/1/2018 08:51 AM","1 day","Heavy Rain Event","Flash Flooding","1-1.99","1-2",NA,"1-20",2018-06-01 08:51:00,1,0,1d 0H 0M 0S,2018-06-02 08:51:00,2018-06-03 08:51:00
"SW0968","3/22/2017 10:55 AM","1 day","High Wind Event","High Winds","0.01-0.99","0.01-1",NA,"21-40",2017-03-22 10:55:00,1,0,1d 0H 0M 0S,2017-03-23 10:55:00,2017-03-24 10:55:00
"SW0969","1/30/2018 07:54 PM","1 day","High Wind Event","High Winds, Coastal Flooding",NA,NA,"0.01-5.99","21-40",2018-01-30 19:54:00,1,0,1d 0H 0M 0S,2018-01-31 19:54:00,2018-02-01 19:54:00
"SW0970","2/2/2018 10:54 AM","1 day","High Wind Event","High Winds",NA,NA,NA,"21-40",2018-02-02 10:54:00,1,0,1d 0H 0M 0S,2018-02-03 10:54:00,2018-02-04 10:54:00
"SW0971","1/26/2017 03:54 PM","1 day","High Wind Event","High Winds","0.01-0.99","0.01-1",NA,"21-40",2017-01-26 15:54:00,1,0,1d 0H 0M 0S,2017-01-27 15:54:00,2017-01-28 15:54:00
"SW0973","3/9/2017 09:54 AM","1 day","High Wind Event","High Winds","0.01-0.99","0.01-1","0.01-5.99","21-40",2017-03-09 09:54:00,1,0,1d 0H 0M 0S,2017-03-10 09:54:00,2017-03-11 09:54:00
"SW0974","10/3/2017 10:42 PM","1 day","High Wind Event","High Winds","0.01-0.99","0.01-1",NA,"1-20",2017-10-03 22:42:00,1,0,1d 0H 0M 0S,2017-10-04 22:42:00,2017-10-05 22:42:00
"SW1734","1/21/2019 12:00 AM","1 day","Extreme Cold Event","Coastal Flooding, High Winds, Extreme Cold","0.01-0.99","0.01-1",NA,"21-40",2019-01-21,1,0,1d 0H 0M 0S,2019-01-22,2019-01-23
"SW1735","1/31/2019 12:00 AM","1 day","Extreme Cold Event","Extreme Cold, High Winds","0.01-0.99","0.01-1","0.01-5.99","21-40",2019-01-31,1,0,1d 0H 0M 0S,2019-02-01,2019-02-02
"SW1736","7/17/2018 01:45 PM","1 day","Flash/Inland Flooding, Funnel Cloud Event","Flash Flooding","1-1.99","1-2",NA,"21-40",2018-07-17 13:45:00,1,0,1d 0H 0M 0S,2018-07-18 13:45:00,2018-07-19 13:45:00
"SW1737","8/4/2018 10:30 AM","1 day","Flash/Inland Flooding Event","Flash Flooding","0.01-0.99","0.01-1",NA,"1-20",2018-08-04 10:30:00,1,0,1d 0H 0M 0S,2018-08-05 10:30:00,2018-08-06 10:30:00
"SW1738","8/7/2018 12:00 AM","1 day","Lightning, Flash/Inland Flooding Event","Flash Flooding",NA,NA,NA,NA,2018-08-07,1,0,1d 0H 0M 0S,2018-08-08,2018-08-09
"SW1739","8/11/2018 07:28 AM","1 day","Flash/Inland Flooding Event","Flash Flooding",NA,NA,NA,NA,2018-08-11 07:28:00,1,0,1d 0H 0M 0S,2018-08-12 07:28:00,2018-08-13 07:28:00
"SW1741","9/25/2018 12:22 PM","1 day","Flash/Inland Flooding Event","Flash Flooding","3-3.99","1-2",NA,"21-40",2018-09-25 12:22:00,1,0,1d 0H 0M 0S,2018-09-26 12:22:00,2018-09-27 12:22:00
"SW1742","9/28/2018 05:05 AM","1 day","Flash/Inland Flooding Event","Flash Flooding","1-1.99","1-2",NA,"21-40",2018-09-28 05:05:00,1,0,1d 0H 0M 0S,2018-09-29 05:05:00,2018-09-30 05:05:00
"SW1743","12/21/2018 03:00 AM","1 day","High Winds, Flash/Inland Flooding Event","High Winds","1-1.99","0.01-1",NA,"21-40",2018-12-21 03:00:00,1,0,1d 0H 0M 0S,2018-12-22 03:00:00,2018-12-23 03:00:00
"SW1744","1/10/2019 10:00 AM","1 day","High Winds Event","High Winds","0.01-0.99","0.01-1",NA,"21-40",2019-01-10 10:00:00,1,0,1d 0H 0M 0S,2019-01-11 10:00:00,2019-01-12 10:00:00
"SW1745","1/20/2019 07:00 AM","1 day","Coastal Flooding, High Winds Event","High Winds, Coastal Flooding","0.01-0.99","0.01-1",NA,"21-40",2019-01-20 07:00:00,1,0,1d 0H 0M 0S,2019-01-21 07:00:00,2019-01-22 07:00:00
"SW1746","1/24/2019 10:00 AM","1 day","High Winds Event","High Winds","1-1.99","0.01-1",NA,"21-40",2019-01-24 10:00:00,1,0,1d 0H 0M 0S,2019-01-25 10:00:00,2019-01-26 10:00:00
"SW1747","1/30/2019 02:00 PM","1 day","January 2019 Squall","High Winds","0.01-0.99","0.01-1","0.01-5.99","21-40",2019-01-30 14:00:00,1,0,1d 0H 0M 0S,2019-01-31 14:00:00,2019-02-01 14:00:00
"SW1748","2/25/2019 12:00 AM","1 day","High Winds Event","High Winds","4+","2-3",NA,"21-40",2019-02-25,1,0,1d 0H 0M 0S,2019-02-26,2019-02-27
"SW1749","4/15/2019 12:00 AM","1 day","High Winds Event","High Winds","1-1.99","0.01-1",NA,"21-40",2019-04-15,1,0,1d 0H 0M 0S,2019-04-16,2019-04-17
"SW1750","5/26/2019 04:30 PM","1 day","High Winds Event","High Winds","0.01-0.99","0.01-1",NA,"21-40",2019-05-26 16:30:00,1,0,1d 0H 0M 0S,2019-05-27 16:30:00,2019-05-28 16:30:00
"SW1752","5/29/2019 06:31 AM","1 day","Flash/Inland Flooding Event","Flash Flooding",NA,"0.01-1",NA,"21-40",2019-05-29 06:31:00,1,0,1d 0H 0M 0S,2019-05-30 06:31:00,2019-05-31 06:31:00
"SW1753","6/2/2019 04:55 PM","1 day","Hail Event","Large Hail, High Winds","0.01-0.99","0.01-1",NA,"21-40",2019-06-02 16:55:00,1,0,1d 0H 0M 0S,2019-06-03 16:55:00,2019-06-04 16:55:00
"SW1754","6/29/2019 04:10 AM","1 day","High Winds Event","High Winds","0.01-0.99","0.01-1",NA,"1-20",2019-06-29 04:10:00,1,0,1d 0H 0M 0S,2019-06-30 04:10:00,2019-07-01 04:10:00
"SW1755","7/17/2019 06:40 AM","1 day","High Winds, Flash/Inland Flooding Event","High Winds, Flash Flooding","1-1.99","1-2",NA,NA,2019-07-17 06:40:00,1,0,1d 0H 0M 0S,2019-07-18 06:40:00,2019-07-19 06:40:00
"SW1757","7/22/2019 06:33 PM","5 hours, 27 minutes","Flash/Inland Flooding Event","Flash Flooding","2-2.99","1-2",NA,"1-20",2019-07-22 18:33:00,0,5,5H 0M 0S,2019-07-22 23:33:00,2019-07-23 23:33:00
"SW1758","7/30/2019 07:00 PM","1 day","Rip Current Event","Flash Flooding","2-2.99","1-2",NA,"1-20",2019-07-30 19:00:00,1,0,1d 0H 0M 0S,2019-07-31 19:00:00,2019-08-01 19:00:00
"SW1759","7/31/2019 12:00 AM","1 day","High Winds, Flash/Inland Flooding Event","Flash Flooding","2-2.99","1-2",NA,"1-20",2019-07-31,1,0,1d 0H 0M 0S,2019-08-01,2019-08-02
"SW1760","8/7/2019 04:20 PM","1 day","Lightning, High Winds, Flash/Inland Flooding Event","Flash Flooding, High Winds","2-2.99","1-2",NA,"1-20",2019-08-07 16:20:00,1,0,1d 0H 0M 0S,2019-08-08 16:20:00,2019-08-09 16:20:00
"SW1761","8/21/2019 04:50 AM","1 day","High Winds Event","High Winds","0.01-0.99","0.01-1",NA,"1-20",2019-08-21 04:50:00,1,0,1d 0H 0M 0S,2019-08-22 04:50:00,2019-08-23 04:50:00
"SW1762","9/2/2019 01:46 PM","1 day","High Winds Event","High Winds","1-1.99","0.01-1",NA,"1-20",2019-09-02 13:46:00,1,0,1d 0H 0M 0S,2019-09-03 13:46:00,2019-09-04 13:46:00
"SW1763","9/4/2019 03:10 PM","1 day","High Winds Event","High Winds","0.01-0.99","0.01-1",NA,"1-20",2019-09-04 15:10:00,1,0,1d 0H 0M 0S,2019-09-05 15:10:00,2019-09-06 15:10:00
"SW1764","10/1/2019 03:00 PM","1 day","High Winds Event","High Winds, Air Quality","0.01-0.99","0.01-1",NA,"1-20",2019-10-01 15:00:00,1,0,1d 0H 0M 0S,2019-10-02 15:00:00,2019-10-03 15:00:00
"SW1765","10/16/2019 12:00 AM","1 day","Nor'Easter","High Winds, Coastal Flooding","2-2.99","0.01-1",NA,"21-40",2019-10-16,1,0,1d 0H 0M 0S,2019-10-17,2019-10-18
"SW1766","10/27/2019 07:00 AM","1 day","High Winds Event","Coastal Flooding, High Winds","1-1.99","0.01-1",NA,NA,2019-10-27 07:00:00,1,0,1d 0H 0M 0S,2019-10-28 07:00:00,2019-10-29 07:00:00
"SW1767","11/1/2019 12:00 AM","1 day","High Winds Event","High Winds","0.01-0.99","0.01-1",NA,"21-40",2019-11-01,1,0,1d 0H 0M 0S,2019-11-02,2019-11-03
"SW1768","10/22/2018 09:00 AM","4 days, 8 hours","Office of the Mayor Power Outage","Flash Flooding",NA,NA,NA,"1-20",2018-10-22 09:00:00,4,8,4d 8H 0M 0S,2018-10-26 17:00:00,2018-10-27 17:00:00
"SW1976","11/29/2016 12:00 AM","1 day","Heavy Rain Event","Flash Flooding","2-2.99","0.01-1",NA,"21-40",2016-11-29,1,0,1d 0H 0M 0S,2016-11-30,2016-12-01
"SW2574","12/20/2018 12:00 AM","1 day","Flash Flood Event","Flash Flooding","0.01-0.99","0.01-1",NA,"21-40",2018-12-20,1,0,1d 0H 0M 0S,2018-12-21,2018-12-22
"SW2585","12/18/2019 04:00 PM","20 minutes","December 2019 Squall","High Winds",NA,NA,NA,"1-20",2019-12-18 16:00:00,0,0,0S,2019-12-18 16:00:00,2019-12-19 16:00:00
"SW2586","1/8/2020 02:00 PM","1 day","High Wind event","High Winds",NA,NA,NA,"1-20",2020-01-08 14:00:00,1,0,1d 0H 0M 0S,2020-01-09 14:00:00,2020-01-10 14:00:00
"SW2587","1/16/2020 12:00 PM","1 day","High Wind event","High Winds","0.01-0.99","0.01-1",NA,"21-40",2020-01-16 12:00:00,1,0,1d 0H 0M 0S,2020-01-17 12:00:00,2020-01-18 12:00:00
"SW2588","1/25/2020 12:00 PM","1 day","High Wind event","High Winds","1-1.99","0.01-1",NA,"21-40",2020-01-25 12:00:00,1,0,1d 0H 0M 0S,2020-01-26 12:00:00,2020-01-27 12:00:00
"SW2589","2/7/2020 12:00 PM","1 day","High Wind event","High Winds","0.01-0.99","0.01-1",NA,"21-40",2020-02-07 12:00:00,1,0,1d 0H 0M 0S,2020-02-08 12:00:00,2020-02-09 12:00:00
"SW2590","2/27/2020 10:00 AM","1 day","High Wind event","High Winds",NA,NA,NA,"21-40",2020-02-27 10:00:00,1,0,1d 0H 0M 0S,2020-02-28 10:00:00,2020-02-29 10:00:00
"SW2591","4/9/2020 12:54 PM","1 day","High Wind event","High Winds, Coastal Flooding","0.01-0.99","0.01-1",NA,"1-20",2020-04-09 12:54:00,1,0,1d 0H 0M 0S,2020-04-10 12:54:00,2020-04-11 12:54:00
"SW2592","4/13/2020 09:00 AM","1 day","High Wind event","Coastal Flooding, High Winds","1-1.99","0.01-1",NA,"21-40",2020-04-13 09:00:00,1,0,1d 0H 0M 0S,2020-04-14 09:00:00,2020-04-15 09:00:00
"SW2593","4/21/2020 01:35 PM","1 day","High Wind event","High Winds","0.01-0.99","0.01-1",NA,"21-40",2020-04-21 13:35:00,1,0,1d 0H 0M 0S,2020-04-22 13:35:00,2020-04-23 13:35:00
"SW2594","4/30/2020 12:00 PM","1 day","High Wind event","High Winds","0.01-0.99","0.01-1",NA,"21-40",2020-04-30 12:00:00,1,0,1d 0H 0M 0S,2020-05-01 12:00:00,2020-05-02 12:00:00
"SW2628","8/27/2020 12:00 AM","0 milliseconds","Severe Weather","High Winds",NA,NA,NA,"1-20",2020-08-27,0,0,0S,2020-08-27,2020-08-28
"SW2629","12/16/2020 12:00 AM","1 day","Winter Storm Gail","High Winds, Heavy Snow, Coastal Flooding","1-1.99","0.01-1","6-11.99","21-40",2020-12-16,1,0,1d 0H 0M 0S,2020-12-17,2020-12-18
"SW2630","1/31/2021 12:00 AM","2 days","Winter Storm Orlena ","Heavy Snow","1-1.99","0.01-1","12+","21-40",2021-01-31,2,0,2d 0H 0M 0S,2021-02-02,2021-02-03
"SW2631","2/7/2021 12:00 AM","0 milliseconds","Winter Storm Quade","Heavy Snow",NA,NA,"6-11.99","1-20",2021-02-07,0,0,0S,2021-02-07,2021-02-08
"SW2632","2/18/2021 12:00 AM","1 day","Winter Storm Viola","Heavy Snow","0.01-0.99","0.01-1","0.01-5.99","1-20",2021-02-18,1,0,1d 0H 0M 0S,2021-02-19,2021-02-20
"SW2684","12/13/2018 12:00 AM","4 days","Flash/Inland Flooding Event","Flash Flooding","1-1.99","0.01-1",NA,"21-40",2018-12-13,4,0,4d 0H 0M 0S,2018-12-17,2018-12-18
"SW2685","6/4/2021 04:00 PM","1 hour","Heavy Rain, Flash/Inland Flooding Event","Flash Flooding","1-1.99","0.01-1",NA,"1-20",2021-06-04 16:00:00,0,1,1H 0M 0S,2021-06-04 17:00:00,2021-06-05 17:00:00
"SW2922","6/6/2020 02:10 PM","0 milliseconds","High Wind Event","High Winds","0.01-0.99","0.01-1",NA,"1-20",2020-06-06 14:10:00,0,0,0S,2020-06-06 14:10:00,2020-06-07 14:10:00
"SW2923","6/29/2020 05:25 PM","5 hours","High Wind, Hail Event","High Winds, Large Hail","0.01-0.99","0.01-1",NA,"1-20",2020-06-29 17:25:00,0,5,5H 0M 0S,2020-06-29 22:25:00,2020-06-30 22:25:00
"SW2924","7/22/2020 06:14 PM","34 minutes","High Wind Event","High Winds","1-1.99","1-2",NA,"1-20",2020-07-22 18:14:00,0,0,0S,2020-07-22 18:14:00,2020-07-23 18:14:00
"SW2925","11/2/2020 12:00 PM","1 hour","High Wind Event","High Winds",NA,NA,NA,"21-40",2020-11-02 12:00:00,0,1,1H 0M 0S,2020-11-02 13:00:00,2020-11-03 13:00:00
"SW2926","11/15/2020 08:35 PM","15 minutes","High Wind Event","High Winds","1-1.99",NA,NA,NA,2020-11-15 20:35:00,0,0,0S,2020-11-15 20:35:00,2020-11-16 20:35:00
"SW2927","11/30/2020 12:00 PM","2 hours","High Wind Event","High Winds","0.01-0.99","0.01-1",NA,"21-40",2020-11-30 12:00:00,0,2,2H 0M 0S,2020-11-30 14:00:00,2020-12-01 14:00:00
"SW2928","12/25/2020 12:00 AM","4 hours","High Wind Event","High Winds","3-3.99","3+",NA,"21-40",2020-12-25,0,4,4H 0M 0S,2020-12-25 04:00:00,2020-12-26 04:00:00
"SW2929","1/29/2021 05:00 AM","1 hour","High Wind Event","High Winds",NA,"0.01-1",NA,"21-40",2021-01-29 05:00:00,0,1,1H 0M 0S,2021-01-29 06:00:00,2021-01-30 06:00:00
"SW2930","3/1/2021 11:30 AM","13 hours","High Wind Event","High Winds",NA,"0.01-1",NA,"21-40",2021-03-01 11:30:00,0,13,13H 0M 0S,2021-03-02 00:30:00,2021-03-03 00:30:00
"SW2931","3/13/2021 01:00 AM","1 day, 14 hours","High Wind Event","High Winds",NA,NA,NA,"41-60",2021-03-13 01:00:00,1,14,1d 14H 0M 0S,2021-03-14 15:00:00,2021-03-15 15:00:00
"SW2932","3/28/2021 06:48 PM","0 milliseconds","High Wind Event","High Winds","0.01-0.99","0.01-1",NA,"1-20",2021-03-28 18:48:00,0,0,0S,2021-03-28 18:48:00,2021-03-29 18:48:00
"SW2933","4/21/2021 01:40 PM","0 milliseconds","High Wind, Hail Event","High Winds, Large Hail",NA,NA,NA,"21-40",2021-04-21 13:40:00,0,0,0S,2021-04-21 13:40:00,2021-04-22 13:40:00
"SW2934","4/30/2021 03:00 PM","1 hour","High Wind Event","High Winds","0.01-0.99","0.01-1",NA,"21-40",2021-04-30 15:00:00,0,1,1H 0M 0S,2021-04-30 16:00:00,2021-05-01 16:00:00
"SW2935","7/8/2021 12:00 AM","0 milliseconds","Heavy Rain, Flash Flood Event","Flash Flooding",NA,NA,NA,"1-20",2021-07-08,0,0,0S,2021-07-08,2021-07-09
"SW2626","8/3/2020 08:00 PM","18 hours","Tropical Storm Isaias","Flash Flooding, High Winds","0.01-0.99","0.01-1",NA,"21-40",2020-08-03 20:00:00,0,18,18H 0M 0S,2020-08-04 14:00:00,2020-08-05 14:00:00
"SW2621","7/10/2020 08:00 PM","4 hours","Tropical Storm Fay","High Winds","2-2.99","0.01-1",NA,"21-40",2020-07-10 20:00:00,0,4,4H 0M 0S,2020-07-11,2020-07-12
"SW2936","6/30/2021 09:00 PM","3 hours","High Wind Event","High Winds","0.01-0.99","0.01-1",NA,NA,2021-06-30 21:00:00,0,3,3H 0M 0S,2021-07-01,2021-07-02
"SW2937","8/21/2021 12:00 AM","3 days","Hurricane Henri","Flash Flooding","4+","1-2",NA,"21-40",2021-08-21,3,0,3d 0H 0M 0S,2021-08-24,2021-08-25
"SW2938","9/1/2021 12:00 AM","1 day, 10 hours","Hurricane Ida","Flash Flooding, High Winds","4+","3+",NA,"41-60",2021-09-01,1,10,1d 10H 0M 0S,2021-09-02 10:00:00,2021-09-03 10:00:00
"SW2939","7/9/2021 12:00 AM","1 day","Tropical Storm Elsa","High Winds, Flash Flooding","2-2.99","1-2",NA,"21-40",2021-07-09,1,0,1d 0H 0M 0S,2021-07-10,2021-07-11
"SW2943","9/23/2021 12:00 AM","2 days, 23 hours","Flash Flood Event","Flash Flooding","1-1.99","1-2",NA,"21-40",2021-09-23,2,23,2d 23H 0M 0S,2021-09-25 23:00:00,2021-09-26 23:00:00
"SW2944","10/25/2021 05:17 PM","2 days","Flash Flood Event","Flash Flooding","3-3.99","0.01-1",NA,"21-40",2021-10-25 17:17:00,2,0,2d 0H 0M 0S,2021-10-27 17:17:00,2021-10-28 17:17:00
"SW2950","6/2/2022 07:00 AM","1 day, 2 hours","Flash Flood","Flash Flooding","1-1.99","1-2",NA,"21-40",2022-06-02 07:00:00,1,2,1d 2H 0M 0S,2022-06-03 09:00:00,2022-06-04 09:00:00
"SW2952","7/23/2022 12:00 PM","2 days, 19 hours","Flash Flood Emergency","Flash Flooding, Air Quality","0.01-0.99","0.01-1",NA,"21-40",2022-07-23 12:00:00,2,19,2d 19H 0M 0S,2022-07-26 07:00:00,2022-07-27 07:00:00
"SW2955","8/9/2022 09:00 AM","2 days","Flash Flood Emergency","Flash Flooding","0.01-0.99","0.01-1",NA,"21-40",2022-08-09 09:00:00,2,0,2d 0H 0M 0S,2022-08-11 09:00:00,2022-08-12 09:00:00
"SW2956","8/21/2022 11:00 AM","2 days, 4 hours","Flash Flooding Emergency","Flash Flooding","1-1.99","1-2",NA,"21-40",2022-08-21 11:00:00,2,4,2d 4H 0M 0S,2022-08-23 15:00:00,2022-08-24 15:00:00
"SW2957","9/4/2022 04:00 PM","2 days, 15 hours","Flash Flood Emergency","Flash Flooding","1-1.99","0.01-1",NA,"21-40",2022-09-04 16:00:00,2,15,2d 15H 0M 0S,2022-09-07 07:00:00,2022-09-08 07:00:00
"SW2958","9/13/2022 04:00 AM","1 day, 2 hours","Flash Flood Emergency","Flash Flooding","1-1.99","1-2",NA,"21-40",2022-09-13 04:00:00,1,2,1d 2H 0M 0S,2022-09-14 06:00:00,2022-09-15 06:00:00
"SW2959","9/29/2022 05:00 PM","3 days, 17 hours","Flash Flood Emergency","Flash Flooding, Air Quality","0.01-0.99","0.01-1",NA,"21-40",2022-09-29 17:00:00,3,17,3d 17H 0M 0S,2022-10-03 10:00:00,2022-10-04 10:00:00
"SW2960","10/12/2022 04:00 PM","1 day, 17 hours","Flash Flood Emergency","Flash Flooding","1-1.99","0.01-1",NA,"21-40",2022-10-12 16:00:00,1,17,1d 17H 0M 0S,2022-10-14 09:00:00,2022-10-15 09:00:00
"SW2961","11/9/2022 11:00 AM","2 days, 22 hours","Flash Flood Emergency","Flash Flooding","1-1.99","0.01-1",NA,"21-40",2022-11-09 11:00:00,2,22,2d 22H 0M 0S,2022-11-12 09:00:00,2022-11-13 09:00:00
"SW2962","12/20/2022 03:00 PM","3 days, 22 hours","Flash Flood Emergency","Flash Flooding, Coastal Flooding, Air Quality","1-1.99","0.01-1",NA,"21-40",2022-12-20 15:00:00,3,22,3d 22H 0M 0S,2022-12-24 13:00:00,2022-12-25 13:00:00
"SW2965","4/28/2023 11:00 PM","2 days, 12 hours","Month of Rain in 72 Hours","Flash Flooding","3-3.99","1-2",NA,"21-40",2023-04-28 23:00:00,2,12,2d 12H 0M 0S,2023-05-01 11:00:00,2023-05-02 11:00:00
"SW2968","3/13/2023 07:00 AM","1 day, 9 hours","Flash Flood Emergency","Flash Flooding","1-1.99","0.01-1",NA,"21-40",2023-03-13 07:00:00,1,9,1d 9H 0M 0S,2023-03-14 16:00:00,2023-03-15 16:00:00
"SW2969","5/20/2023 12:00 PM","18 hours, 30 minutes","Flash Flood Emergency","Flash Flooding","0.01-0.99","0.01-1",NA,"21-40",2023-05-20 12:00:00,0,18,18H 0M 0S,2023-05-21 06:00:00,2023-05-22 06:00:00
"SW2970","6/22/2023 09:30 AM","1 week, 2 hours","Flash Flood Emergency","Flash Flooding","0.01-0.99","0.01-1",NA,"21-40",2023-06-22 09:30:00,0,2,2H 0M 0S,2023-06-22 11:30:00,2023-06-23 11:30:00
"SW2971","7/1/2023 04:30 PM","3 days, 19 hours","Flash Flood Emergency","Flash Flooding, Air Quality","1-1.99","1-2",NA,"21-40",2023-07-01 16:30:00,3,19,3d 19H 0M 0S,2023-07-05 11:30:00,2023-07-06 11:30:00
"SW2972","7/7/2023 05:00 PM","2 days, 16 hours","Flash Flood Emergency","Flash Flooding","1-1.99","0.01-1",NA,"21-40",2023-07-07 17:00:00,2,16,2d 16H 0M 0S,2023-07-10 09:00:00,2023-07-11 09:00:00
"SW2973","7/13/2023 09:00 AM","3 days, 23 hours","Flash Flood Emergency","Flash Flooding, Air Quality","2-2.99","1-2",NA,"21-40",2023-07-13 09:00:00,3,23,3d 23H 0M 0S,2023-07-17 08:00:00,2023-07-18 08:00:00
"SW2974","7/20/2023 08:00 AM","1 week, 2 days","Flash Flood Emergency","Flash Flooding","1-1.99","1-2",NA,"21-40",2023-07-20 08:00:00,0,0,0S,2023-07-20 08:00:00,2023-07-21 08:00:00
"SW2976","7/26/2023 04:00 PM","3 days, 5 hours","Flash Flood Emergency","Flash Flooding","0.01-0.99","0.01-1",NA,"21-40",2023-07-26 16:00:00,3,5,3d 5H 0M 0S,2023-07-29 21:00:00,2023-07-30 21:00:00
"SW2977","8/6/2023 04:00 PM","1 day, 21 hours","Flash Flood Emergency","Flash Flooding","1-1.99","0.01-1",NA,"21-40",2023-08-06 16:00:00,1,21,1d 21H 0M 0S,2023-08-08 13:00:00,2023-08-09 13:00:00
"SW2978","8/9/2023 06:00 PM","1 day, 16 hours","Flash Flood Emergency","Flash Flooding","0.01-0.99","0.01-1",NA,"1-20",2023-08-09 18:00:00,1,16,1d 16H 0M 0S,2023-08-11 10:00:00,2023-08-12 10:00:00
"SW2979","8/13/2023 04:00 PM","2 days, 2 hours","Flash Flood Emergency","Flash Flooding","1-1.99","1-2",NA,"1-20",2023-08-13 16:00:00,2,2,2d 2H 0M 0S,2023-08-15 18:00:00,2023-08-16 18:00:00
"SW2980","9/28/2023 12:00 AM","2 days, 23 hours","Flash Flood and Severe Storm","Flash Flooding","4+","2-3",NA,"21-40",2023-09-28,2,23,2d 23H 0M 0S,2023-09-30 23:00:00,2023-10-01 23:00:00
"SW2981","7/13/2025 12:00 AM","5 days, 23 hours","Subway Flooding","Flash Flooding","4+","2-3",NA,"21-40",2025-07-13,5,23,5d 23H 0M 0S,2025-07-18 23:00:00,2025-07-19 23:00:00
"SW2982","7/31/2025 12:00 AM","1 day, 23 hours","Flash Flood","Flash Flooding","2-2.99","2-3",NA,"21-40",2025-07-31,1,23,1d 23H 0M 0S,2025-08-01 23:00:00,2025-08-02 23:00:00
"SW2983","9/21/2023 05:00 PM","3 days, 21 hours","Flash Flood Emergency","Flash Flooding, Coastal Flooding","1-1.99","0.01-1",NA,"21-40",2023-09-21 17:00:00,3,21,3d 21H 0M 0S,2023-09-25 14:00:00,2023-09-26 14:00:00
"SW2984","9/29/2023 06:00 AM","1 day, 6 hours","Flash Flood Emergency","Coastal Flooding, Flash Flooding","4+","1-2",NA,"21-40",2023-09-29 06:00:00,1,6,1d 6H 0M 0S,2023-09-30 12:00:00,2023-10-01 12:00:00
"SW2985","10/5/2023 04:30 PM","2 days, 15 hours","Flash Flood Emergency","Flash Flooding, Coastal Flooding","1-1.99","0.01-1",NA,"21-40",2023-10-05 16:30:00,2,15,2d 15H 0M 0S,2023-10-08 07:30:00,2023-10-09 07:30:00
"SW2986","11/21/2023 04:30 PM","17 hours, 30 minutes","Flash Flood Emergency","Coastal Flooding, Flash Flooding","1-1.99","0.01-1",NA,"21-40",2023-11-21 16:30:00,0,17,17H 0M 0S,2023-11-22 09:30:00,2023-11-23 09:30:00
"SW2987","12/7/2023 04:00 PM","3 days, 21 hours","Flash Flood Emergency","Flash Flooding, Coastal Flooding","2-2.99","0.01-1",NA,"21-40",2023-12-07 16:00:00,3,21,3d 21H 0M 0S,2023-12-11 13:00:00,2023-12-12 13:00:00
"SW2988","12/18/2023 06:00 AM","5 hours, 59 minutes","Flash Flood Emergency","Coastal Flooding, Flash Flooding, High Winds","2-2.99","0.01-1",NA,"21-40",2023-12-18 06:00:00,0,5,5H 0M 0S,2023-12-18 11:00:00,2023-12-19 11:00:00
"SW2989","1/9/2024 06:00 AM","1 day","Winter Weather Emergency","Flash Flooding, Coastal Flooding",NA,"3+",NA,"21-40",2024-01-09 06:00:00,1,0,1d 0H 0M 0S,2024-01-10 06:00:00,2024-01-11 06:00:00
"SW2990","1/15/2024 12:00 AM","1 day, 23 hours","Winter Weather Emergency","Extreme Cold, Freezing Precipitation, Heavy Snow","0.01-0.99","0.01-1","0.01-5.99","21-40",2024-01-15,1,23,1d 23H 0M 0S,2024-01-16 23:00:00,2024-01-17 23:00:00
"SW2991","1/18/2024 12:00 AM","2 days, 8 hours","Winter Weather Emergency","Coastal Flooding","0.01-0.99","0.01-1","0.01-5.99","21-40",2024-01-18,2,8,2d 8H 0M 0S,2024-01-20 08:00:00,2024-01-21 08:00:00
"SW2992","3/23/2024 12:00 AM","1 day, 23 hours","Flash Flood Event","Coastal Flooding, Flash Flooding, High Winds","3-3.99","0.01-1",NA,"21-40",2024-03-23,1,23,1d 23H 0M 0S,2024-03-24 23:00:00,2024-03-25 23:00:00
"SW2993","4/1/2023 04:00 PM","7 hours, 59 minutes","Severe Weather","High Winds","0.01-0.99","0.01-1",NA,"21-40",2023-04-01 16:00:00,0,7,7H 0M 0S,2023-04-01 23:00:00,2023-04-02 23:00:00
"SW2994","2/13/2024 04:00 AM","12 hours","Winter Weather","High Winds","0.01-0.99","0.01-1","0.01-5.99",NA,2024-02-13 04:00:00,0,12,12H 0M 0S,2024-02-13 16:00:00,2024-02-14 16:00:00
"SW2995","2/17/2024 12:00 AM","23 hours, 59 minutes","Winter Weather","High Winds","0.01-0.99","0.01-1","6-11.99","1-20",2024-02-17,0,23,23H 0M 0S,2024-02-17 23:00:00,2024-02-18 23:00:00
"SW2996","3/6/2024 01:00 PM","17 hours","Flash Flooding","Flash Flooding","2-2.99","0.01-1",NA,"21-40",2024-03-06 13:00:00,0,17,17H 0M 0S,2024-03-07 06:00:00,2024-03-08 06:00:00
"SW2997","3/9/2024 12:00 AM","1 day, 23 hours","Flash Flooding","Flash Flooding","1-1.99","0.01-1",NA,"21-40",2024-03-09,1,23,1d 23H 0M 0S,2024-03-10 23:00:00,2024-03-11 23:00:00
"SW2998","4/3/2024 12:00 AM","1 day, 11 hours","Flash Flooding","Flash Flooding","2-2.99","1-2",NA,"21-40",2024-04-03,1,11,1d 11H 0M 0S,2024-04-04 11:00:00,2024-04-05 11:00:00
"SW3001","9/8/2023 12:00 PM","5 days, 19 hours","Flash Flood Emergency","Coastal Flooding, Flash Flooding","2-2.99","1-2",NA,"1-20",2023-09-08 12:00:00,5,19,5d 19H 0M 0S,2023-09-14 07:00:00,2023-09-15 07:00:00
"SW3002","6/14/2024 12:01 AM","1 day, 23 hours","Severe Weather","Flash Flooding","1-1.99","0.01-1",NA,"1-20",2024-06-14 00:01:00,1,23,1d 23H 0M 0S,2024-06-15 23:01:00,2024-06-16 23:01:00
"SW3004","6/30/2024 12:00 AM","23 hours, 59 minutes","Severe Wether","Flash Flooding","1-1.99","1-2",NA,"1-20",2024-06-30,0,23,23H 0M 0S,2024-06-30 23:00:00,2024-07-01 23:00:00
"SW3007","8/6/2024 02:00 PM","22 hours","Flash Flooding","Flash Flooding",NA,"2-3",NA,"1-20",2024-08-06 14:00:00,0,22,22H 0M 0S,2024-08-07 12:00:00,2024-08-08 12:00:00
"SW3008","8/9/2024 12:00 AM","23 hours, 59 minutes","Flash Flooding","Flash Flooding","0.01-0.99","0.01-1",NA,"21-40",2024-08-09,0,23,23H 0M 0S,2024-08-09 23:00:00,2024-08-10 23:00:00
"SW3009","1/19/2025 12:00 AM","23 hours, 59 minutes","Snow","Heavy Snow","0.01-0.99","0.01-1",NA,"21-40",2025-01-19,0,23,23H 0M 0S,2025-01-19 23:00:00,2025-01-20 23:00:00
"SW3014","10/13/2025 12:00 AM","23 hours, 59 minutes","Flash Flooding","Flash Flooding","0.01-0.99","0.01-1",NA,"21-40",2025-10-13,0,23,23H 0M 0S,2025-10-13 23:00:00,2025-10-14 23:00:00
"SW3015","10/30/2025 12:00 AM","1 day, 23 hours","Flash Flooding","Flash Flooding","2-2.99","1-2",NA,"21-40",2025-10-30,1,23,1d 23H 0M 0S,2025-10-31 23:00:00,2025-11-01 23:00:00
"SW3016","11/5/2025 09:00 PM","11 hours","11/5/2025 High Winds","High Winds",NA,NA,NA,"21-40",2025-11-05 21:00:00,0,11,11H 0M 0S,2025-11-06 08:00:00,2025-11-07 08:00:00
"SW3017","12/13/2025 12:00 AM","1 day","12/13/25 Winter Weather","Heavy Snow","0.01-0.99","0.01-1","0.01-5.99","21-40",2025-12-13,1,0,1d 0H 0M 0S,2025-12-14,2025-12-15
"SW3018","12/19/2025 12:00 AM","1 day","12/19/2025 Flash Flooding","Flash Flooding","1-1.99","0.01-1",NA,"21-40",2025-12-19,1,0,1d 0H 0M 0S,2025-12-20,2025-12-21
"SW3019","12/23/2025 12:00 AM","1 day","12/23/2025 Winter Weather","Heavy Snow","0.01-0.99","0.01-1",NA,"21-40",2025-12-23,1,0,1d 0H 0M 0S,2025-12-24,2025-12-25
"SW3020","12/26/2025 12:00 AM","1 day","12/26/2025 Winter Weather","Heavy Snow","0.01-0.99","0.01-1","0.01-5.99","1-20",2025-12-26,1,0,1d 0H 0M 0S,2025-12-27,2025-12-28
"SW3021","1/17/2026 12:00 AM","1 day","1/17/2026 Winter Weather","Heavy Snow","0.01-0.99","0.01-1","0.01-5.99","1-20",2026-01-17,1,0,1d 0H 0M 0S,2026-01-18,2026-01-19
"SW3022","1/25/2026 12:00 AM","1 day","1/25/2026 Winter Weather (Winter Storm Fern)","Heavy Snow","1-1.99","0.01-1","6-11.99","21-40",2026-01-25,1,0,1d 0H 0M 0S,2026-01-26,2026-01-27
"SW3024","2/22/2026 12:00 AM","1 week, 2 days","2/22/2026 Winter Weather (Blizzard)","Heavy Snow","1-1.99","0.01-1","12+","21-40",2026-02-22,0,0,0S,2026-02-22,2026-02-23
