level,taxon,model,B0,B1,B2
Order,Cornales,B0 + (DBH * B1) + (DBH^2 * B2),5.8018,2.4278,-0.0473
Order,Dipsacales,B0 + (DBH * B1),9.104,0.6597,
Order,Ebenales,e^(B0 + (ln(DBH) * B1)),1.7794,0.6205,
Order,Ericales,e^(B0 + (ln(DBH) * B1)),1.9878,0.4638,
Order,Euphorbiales,e^(B0 + (ln(DBH) * B1)),1.5739,0.6114,
Order,Fabales,B0 + (DBH * B1) + (DBH^2 * B2),6.5789,2.0282,-0.0344
Order,Fagales,B0 + (DBH * B1) + (DBH^2 * B2),7.1598,1.8053,-0.013
Order,Gentianales,e^(B0 + (ln(DBH) * B1)),1.9985,0.3371,
Order,Hamamelidales,B0 + (DBH * B1),5.3249,1.5446,
Order,Juglandales,B0 + (DBH * B1) + (DBH^2 * B2),5.9877,2.0752,-0.0236
Order,Laurales,B0 + (DBH * B1) + (DBH^2 * B2),5.4106,2.023,-0.0303
Order,Magnoliales,B0 + (DBH * B1) + (DBH^2 * B2),5.9132,1.9798,-0.019
Order,Malvales,B0 + (DBH * B1) + (DBH^2 * B2),4.76,1.7351,-0.0141
Order,Myrtales,e^(B0 + (ln(DBH) * B1)),0.7593,0.8744,
Order,Pinales,B0 + (DBH * B1) + (DBH^2 * B2),1.786,1.732,-0.0221
Order,Rhamnales,e^(B0 + (ln(DBH) * B1)),1.6669,0.5314,
Order,Rosales,B0 + (DBH * B1) + (DBH^2 * B2),5.4942,1.9993,-0.0357
Order,Salicales,B0 + (DBH * B1),2.6658,1.54,
Order,Sapindales,B0 + (DBH * B1) + (DBH^2 * B2),5.775,2.1928,-0.0294
Order,Scrophulariales,B0 + (DBH * B1) + (DBH^2 * B2),4.4295,2.2431,-0.0344
Order,Urticales,B0 + (DBH * B1) + (DBH^2 * B2),5.4569,2.192,-0.0296
Family,Aceraceae,B0 + (DBH * B1) + (DBH^2 * B2),6.3661,2.102,-0.0267
Family,Anacardiaceae,e^(B0 + (ln(DBH) * B1)),1.6627,0.4459,
Family,Arecaceae,B0 + (ln(DBH) * B1),0.2355,3.7689,
Family,Betulaceae,B0 + (DBH * B1) + (DBH^2 * B2),7.0333,1.9312,-0.0309
Family,Bignoniaceae,e^(B0 + (ln(DBH) * B1)),2.1261,0.4604,
Family,Cornaceae,e^(B0 + (ln(DBH) * B1)),2.0322,0.5071,
Family,Cupressaceae,e^(B0 + (ln(DBH) * B1)),1.0354,0.6262,
Family,Euphorbiaceae,e^(B0 + (ln(DBH) * B1)),1.5732,0.6126,
Family,Fagaceae,B0 + (DBH * B1) + (DBH^2 * B2),7.122,1.8167,-0.0132
Family,Hamamelidaceae,B0 + (DBH * B1),5.5438,1.4528,
Family,Lythraceae,e^(B0 + (ln(DBH) * B1)),1.917,0.4138,
Family,Magnoliaceae,B0 + (DBH * B1) + (DBH^2 * B2),5.906,1.9807,-0.0191
Family,Moraceae,B0 + (ln(DBH) * B1),4.9539,8.2482,
Family,Myrtaceae,e^(B0 + (ln(DBH) * B1)),0.0761,1.1534,
Family,Nyssaceae,B0 + (DBH * B1) + (DBH^2 * B2),5.9613,2.0986,-0.0233
Family,Oleaceae,B0 + (DBH * B1) + (DBH^2 * B2),4.3871,2.2158,-0.0317
Family,Pinaceae,e^(B0 + (ln(DBH) * B1)),1.3208,0.664,
Family,Platanaceae,B0 + (DBH * B1) + (DBH^2 * B2),6.3993,2.0634,-0.017
Family,Rhamnaceae,e^(B0 + (ln(DBH) * B1)),1.6555,0.5428,
Family,Rosaceae,B0 + (DBH * B1) + (DBH^2 * B2),5.4745,2.0111,-0.0362
Family,Rutaceae,e^(B0 + (ln(DBH) * B1)),2.2451,0.3713,
Family,Scrophulariaceae,B0 + (ln(DBH) * B1),4.1441,7.1404,
Family,Simaroubaceae,B0 + (DBH * B1) + (DBH^2 * B2),4.6508,2.5085,-0.0456
Family,Tiliaceae,B0 + (DBH * B1) + (DBH^2 * B2),4.8669,1.7481,-0.0148
Family,Ulmaceae,B0 + (DBH * B1) + (DBH^2 * B2),5.4986,2.0888,-0.0227
Genus,Betula,B0 + (DBH * B1),6.2408,1.5854,
Genus,Carpinus,e^(B0 + (ln(DBH) * B1)),2.303,0.4174,
Genus,Carya,B0 + (DBH * B1) + (DBH^2 * B2),6.035,2.0755,-0.0255
Genus,Catalpa,e^(B0 + (ln(DBH) * B1)),2.1204,0.4598,
Genus,Celtis,B0 + (DBH * B1) + (DBH^2 * B2),4.3952,2.6692,-0.0625
Genus,Crataegus,e^(B0 + (ln(DBH) * B1)),1.8242,0.4338,
Genus,Cupressus,B0 + (DBH * B1),3.2457,0.6505,
Genus,Eucalyptus,e^(B0 + (ln(DBH) * B1)),-0.0023,1.1862,
Genus,Fagus,B0 + (DBH * B1) + (DBH^2 * B2),7.7776,2.4516,-0.0348
Genus,Fraxinus,B0 + (DBH * B1) + (DBH^2 * B2),4.5348,2.3021,-0.0356
Genus,Gleditsia,B0 + (ln(DBH) * B1),1.3613,11.2361,
Genus,Juglans,B0 + (DBH * B1),7.01,1.6792,
Genus,Juniperus,B0 + (DBH * B1) + (DBH^2 * B2),2.3613,1.764,-0.0299
Genus,Liquidambar,B0 + (DBH * B1) + (DBH^2 * B2),4.9881,1.6033,-0.0076
Genus,Liriodendron,B0 + (DBH * B1) + (DBH^2 * B2),5.5748,1.9963,-0.0186
Genus,Magnolia,e^(B0 + (ln(DBH) * B1)),2.0499,0.4761,
Genus,Malus,e^(B0 + (ln(DBH) * B1)),1.9915,0.4699,
Genus,Morus,B0 + (ln(DBH) * B1),5.0899,8.2704,
Genus,Ostrya,e^(B0 + (ln(DBH) * B1)),1.9482,0.5244,
Genus,Phellodendron,e^(B0 + (ln(DBH) * B1)),2.2625,0.4344,
Genus,Picea,B0 + (DBH * B1) + (DBH^2 * B2),2.8875,1.4568,-0.0125
Genus,Pinus,e^(B0 + (ln(DBH) * B1)),1.3312,0.6651,
Genus,Populus,B0 + (DBH * B1),2.4739,1.5565,
Genus,Prunus,B0 + (DBH * B1) + (DBH^2 * B2),5.9632,1.9593,-0.0327
Genus,Pyrus,B0 + (DBH * B1),4.1849,1.5245,
Genus,Quercus,B0 + (DBH * B1) + (DBH^2 * B2),5.6153,1.9184,-0.0148
Genus,Rhus,e^(B0 + (ln(DBH) * B1)),1.6641,0.4392,
Genus,Robinia,B0 + (DBH * B1) + (DBH^2 * B2),6.7187,1.9207,-0.035
Genus,Salix,e^(B0 + (ln(DBH) * B1)),1.6602,0.5908,
Genus,Sassafras,B0 + (DBH * B1) + (DBH^2 * B2),4.8868,2.1566,-0.0339
Genus,Syringa,e^(B0 + (ln(DBH) * B1)),1.5839,0.4015,
Genus,Thuja,B0 + (DBH * B1) + (DBH^2 * B2),1.7205,1.1558,-0.019
Genus,Tsuga,B0 + (DBH * B1) + (DBH^2 * B2),2.9363,1.7714,-0.0239
Genus,Ulmus,B0 + (DBH * B1) + (DBH^2 * B2),5.66,1.9969,-0.0177
Genus,Ginkgo,B0 + (B1 * DBH) - (B2 * DBH^2),6.371,2.062,0.0232
Genus,Ilex,B0 + (DBH * B1) + (DBH^2 * B2),4.1301,3.8555,-0.1097
Genus,Viburnum,B0 + (DBH * B1),11.0379,0.189,
Species,Acer negundo,B0 + (DBH * B1) + (DBH^2 * B2),5.854,1.9553,-0.0275
Species,Acer palmatum,B0 + (DBH * B1),6.61,1.7147,
Species,Acer platanoides,B0 + (DBH * B1) + (DBH^2 * B2),5.8975,2.1666,-0.0274
Species,Acer pseudoplatanus,e^(B0 + (ln(DBH) * B1)),1.9314,0.5685,
Species,Acer rubrum,B0 + (DBH * B1) + (DBH^2 * B2),6.8474,2.1853,-0.0335
Species,Acer saccharinum,e^(B0 + (ln(DBH) * B1)),1.9519,0.5629,
Species,Acer saccharum,B0 + (DBH * B1) + (DBH^2 * B2),6.4681,2.2287,-0.0351
Species,Betula papyrifera,B0 + (DBH * B1) + (DBH^2 * B2),5.064,1.2265,0.0395
Species,Betula pendula,e^(B0 + (ln(DBH) * B1)),1.5123,0.571,
Species,Betula populifolia,e^(B0 + (ln(DBH) * B1)),1.9078,0.5326,
Species,Carpinus caroliniana,B0 + (ln(DBH) * B1),9.0348,6.7159,
Species,Carya alba,e^(B0 + (ln(DBH) * B1)),1.9301,0.5499,
Species,Carya cordiformis,e^(B0 + (ln(DBH) * B1)),1.946,0.5517,
Species,Carya glabra,e^(B0 + (ln(DBH) * B1)),2.0043,0.4994,
Species,Carya illinoinensis,e^(B0 + (ln(DBH) * B1)),1.7231,0.6653,
Species,Carya ovata,B0 + (DBH * B1),6.7211,1.6122,
Species,Catalpa speciosa,e^(B0 + (ln(DBH) * B1)),2.0308,0.5362,
Species,Celtis laevigata,e^(B0 + (ln(DBH) * B1)),1.7738,0.6299,
Species,Celtis occidentalis,B0 + (DBH * B1) + (DBH^2 * B2),5.0384,2.3903,-0.0527
Species,Cornus florida,e^(B0 + (ln(DBH) * B1)),2.1047,0.4727,
Species,Eucalyptus globulus,e^(B0 + (ln(DBH) * B1)),-0.0593,1.233,
Species,Fagus grandifolia,B0 + (DBH * B1) + (DBH^2 * B2),7.8252,2.4359,-0.0335
Species,Fraxinus americana,B0 + (DBH * B1) + (DBH^2 * B2),4.8708,2.221,-0.0295
Species,Fraxinus pennsylvanica,e^(B0 + (ln(DBH) * B1)),1.759,0.6078,
Species,Ilex opaca,e^(B0 + (ln(DBH) * B1)),1.7641,0.4682,
Species,Juglans nigra,e^(B0 + (ln(DBH) * B1)),1.8653,0.5878,
Species,Juniperus virginiana,B0 + (DBH * B1),3.6967,1.2866,
Species,Lagerstroemia indica,e^(B0 + (ln(DBH) * B1)),1.9526,0.3644,
Species,Liquidambar styraciflua,B0 + (DBH * B1) + (DBH^2 * B2),5.0207,1.5969,-0.0074
Species,Liriodendron tulipifera,B0 + (DBH * B1) + (DBH^2 * B2),5.6119,1.9934,-0.0186
Species,Magnolia grandiflora,e^(B0 + (ln(DBH) * B1)),1.9737,0.4751,
Species,Malus pumila,e^(B0 + (ln(DBH) * B1)),2.2312,0.3735,
Species,Morus alba,B0 + (ln(DBH) * B1),5.5645,7.96,
Species,Morus rubra,e^(B0 + (ln(DBH) * B1)),2.0067,0.5491,
Species,Picea abies,B0 + (DBH * B1),5.0275,1.3419,
Species,Picea glauca,e^(B0 + (ln(DBH) * B1)),1.3573,0.5622,
Species,Picea pungens,B0 + (DBH * B1) + (DBH^2 * B2),3.1772,1.3664,-0.0162
Species,Pinus elliottii,e^(B0 + (ln(DBH) * B1)),1.2235,0.7611,
Species,Pinus nigra,B0 + (DBH * B1) + (DBH^2 * B2),5.6682,1.6952,-0.036
Species,Pinus radiata,e^(B0 + (ln(DBH) * B1)),1.4297,0.5938,
Species,Pinus strobus,B0 + (DBH * B1) + (DBH^2 * B2),3.3445,1.5814,-0.0142
Species,Pinus taeda,e^(B0 + (ln(DBH) * B1)),1.1535,0.7313,
Species,Pinus virginiana,e^(B0 + (ln(DBH) * B1)),1.5891,0.6557,
Species,Platanus hybrida,B0 + (DBH * B1) + (DBH^2 * B2),3.9088,2.6747,-0.0329
Species,Platanus occidentalis,e^(B0 + (ln(DBH) * B1)),1.9074,0.5682,
Species,Populus balsamifera,B0 + (DBH * B1),4.1386,1.1984,
Species,Populus deltoides,B0 + (DBH * B1),4.3047,1.6294,
Species,Populus tremuloides,B0 + (DBH * B1) + (DBH^2 * B2),1.2786,2.3693,-0.1346
Species,Prunus avium,e^(B0 + (ln(DBH) * B1)),1.9615,0.5056,
Species,Prunus serotina,B0 + (DBH * B1) + (DBH^2 * B2),6.1133,2.0116,-0.0355
Species,Prunus virginiana,e^(B0 + (ln(DBH) * B1)),1.7052,0.5541,
Species,Pyrus calleryana,B0 + (DBH * B1),3.3114,1.7738,
Species,Quercus alba,B0 + (DBH * B1) + (DBH^2 * B2),5.5617,1.8924,-0.0109
Species,Quercus falcata,B0 + (DBH * B1) + (DBH^2 * B2),3.2783,2.3124,-0.0246
Species,Quercus nigra,B0 + (DBH * B1) + (DBH^2 * B2),4.1202,2.269,-0.0263
Species,Quercus palustris,B0 + (DBH * B1) + (DBH^2 * B2),7.7679,1.7229,-0.011
Species,Quercus phellos,B0 + (DBH * B1) + (DBH^2 * B2),3.8672,2.1683,-0.0297
Species,Quercus prinus,e^(B0 + (ln(DBH) * B1)),2.1046,0.4575,
Species,Quercus rubra,B0 + (DBH * B1) + (DBH^2 * B2),6.5916,1.7597,-0.011
Species,Quercus stellata,e^(B0 + (ln(DBH) * B1)),1.1202,0.8338,
Species,Quercus velutina,B0 + (DBH * B1) + (DBH^2 * B2),4.7156,1.8432,-0.0116
Species,Quercus virginiana,B0 + (DBH * B1) + (DBH^2 * B2),4.905,1.959,-0.0166
Species,Rhamnus cathartica,e^(B0 + (ln(DBH) * B1)),1.6671,0.5227,
Species,Rhus hirta,e^(B0 + (ln(DBH) * B1)),1.6611,0.4203,
Species,Robinia pseudoacacia,B0 + (DBH * B1) + (DBH^2 * B2),6.4707,2.0431,-0.0381
Species,Salix nigra,e^(B0 + (ln(DBH) * B1)),1.6136,0.6141,
Species,Salix sericea,e^(B0 + (ln(DBH) * B1)),1.5732,0.6126,
Species,Syringa vulgaris,e^(B0 + (ln(DBH) * B1)),1.6104,0.454,
Species,Thuja occidentalis,B0 + (DBH * B1) + (DBH^2 * B2),1.8741,1.0552,-0.0141
Species,Tilia americana,B0 + (DBH * B1) + (DBH^2 * B2),5.2194,1.8045,-0.0195
Species,Tilia cordata,B0 + (ln(DBH) * B1),-11.1093,14.6509,
Species,Tsuga canadensis,B0 + (DBH * B1) + (DBH^2 * B2),2.9619,1.7751,-0.0242
Species,Ulmus alata,e^(B0 + (ln(DBH) * B1)),1.5054,0.7179,
Species,Ulmus americana,B0 + (DBH * B1) + (DBH^2 * B2),5.642,2.0847,-0.0193
Species,Ulmus crassifolia,B0 + (DBH * B1) + (DBH^2 * B2),3.8747,1.9785,-0.0015
Species,Ulmus pumila,B0 + (DBH * B1),2.7381,1.6825,
Species,Ulmus rubra,e^(B0 + (ln(DBH) * B1)),2.1143,0.4987,
Species,Morus,B0 + (ln(DBH) * B1),5.0899,8.2704,
Species,Ulmus,B0 + (DBH * B1) + (DBH^2 * B2),5.66,1.9969,-0.0177
Species,Prunus,B0 + (DBH * B1) + (DBH^2 * B2),5.9632,1.9593,-0.0327
Species,Pinus,e^(B0 + (ln(DBH) * B1)),1.3312,0.6651,