level,taxon,model,B0,B1,B2,,,,,
Order,Cornales,B0 + (DBH * B1) + (DBH^2 * B2),8.623,4.2058,-0.0629,,,,,
Order,Dipsacales,e^(B0 + (ln(DBH) * B1)),2.4026,0.1627,,,,,,
Order,Ebenales,e^(B0 + (ln(DBH) * B1)),1.9989,0.7689,,,,,,
Order,Ericales,B0 + (DBH * B1),11.9413,4.2381,,,,,,
Order,Euphorbiales,e^(B0 + (ln(DBH) * B1)),2.628,0.3701,,,,,,
Order,Fabales,e^(B0 + (ln(DBH) * B1)),2.46,0.5804,,,,,,
Order,Fagales,B0 + (DBH * B1) + (DBH^2 * B2),11.2564,4.61,-0.0735,,,,,
Order,Gentianales,B0 + (DBH * B1),10.1716,1.9588,,,,,,
Order,Hamamelidales,B0 + (DBH * B1) + (DBH^2 * B2),11.3341,5.5504,-0.1127,,,,,
Order,Juglandales,B0 + (DBH * B1) + (DBH^2 * B2),9.5467,5.7118,-0.1189,,,,,
Order,Laurales,B0 + (DBH * B1) + (DBH^2 * B2),5.5344,6.3008,-0.1808,,,,,
Order,Magnoliales,B0 + (DBH * B1) + (DBH^2 * B2),12.4282,5.3742,-0.0792,,,,,
Order,Malvales,e^(B0 + (ln(DBH) * B1)),2.5694,0.4278,,,,,,
Order,Myrtales,e^(B0 + (ln(DBH) * B1)),2.6401,0.4236,,,,,,
Order,Pinales,B0 + (DBH * B1) + (DBH^2 * B2),0.7293,5.4819,-0.0988,,,,,
Order,Rhamnales,e^(B0 + (ln(DBH) * B1)),2.603,0.204,,,,,,
Order,Rosales,B0 + (DBH * B1) + (DBH^2 * B2),8.1664,3.729,-0.066,,,,,
Order,Salicales,B0 + (DBH * B1) + (DBH^2 * B2),5.4057,5.6113,-0.1238,,,,,
Order,Sapindales,e^(B0 + (ln(DBH) * B1)),2.564,0.5532,,,,,,
Order,Scrophulariales,e^(B0 + (ln(DBH) * B1)),2.6073,0.5432,,,,,,
Order,Urticales,e^(B0 + (ln(DBH) * B1)),2.4549,0.547,,,,,,
Family,Aceraceae,e^(B0 + (ln(DBH) * B1)),2.6269,0.5275,,,,,,
Family,Anacardiaceae,e^(B0 + (ln(DBH) * B1)),2.3661,0.4619,,,,,,
Family,Arecaceae,B0 + (DBH * B1),5.0976,0.8852,,,,,,
Family,Betulaceae,e^(B0 + (ln(DBH) * B1)),2.5904,0.5756,,,,,,
Family,Bignoniaceae,e^(B0 + (ln(DBH) * B1)),2.444,0.5281,,,,,,
Family,Cornaceae,e^(B0 + (ln(DBH) * B1)),2.5895,0.317,,,,,,
Family,Cupressaceae,e^(B0 + (ln(DBH) * B1)),1.9729,0.5997,,,,,,
Family,Euphorbiaceae,e^(B0 + (ln(DBH) * B1)),2.6269,0.3717,,,,,,
Family,Fagaceae,B0 + (DBH * B1) + (DBH^2 * B2),11.3008,4.6004,-0.0726,,,,,
Family,Hamamelidaceae,B0 + (DBH * B1) + (DBH^2 * B2),9.8581,6.1332,-0.1338,,,,,
Family,Lauraceae,B0 + (DBH * B1) + (DBH^2 * B2),5.5344,6.3008,-0.1808,,,,,
Family,Lythraceae,e^(B0 + (ln(DBH) * B1)),2.576,0.2281,,,,,,
Family,Magnoliaceae,B0 + (DBH * B1) + (DBH^2 * B2),12.4815,5.3673,-0.079,,,,,
Family,Moraceae,e^(B0 + (ln(DBH) * B1)),2.4045,0.4945,,,,,,
Family,Myrtaceae,e^(B0 + (ln(DBH) * B1)),2.6828,0.457,,,,,,
Family,Nyssaceae,B0 + (DBH * B1) + (DBH^2 * B2),5.8481,6.5082,-0.1445,,,,,
Family,Oleaceae,e^(B0 + (ln(DBH) * B1)),2.6141,0.5505,,,,,,
Family,Pinaceae,B0 + (DBH * B1) + (DBH^2 * B2),1.2686,5.7342,-0.1073,,,,,
Family,Platanaceae,e^(B0 + (ln(DBH) * B1)),2.5495,0.5319,,,,,,
Family,Rhamnaceae,e^(B0 + (ln(DBH) * B1)),2.6043,0.214,,,,,,
Family,Rosaceae,B0 + (DBH * B1) + (DBH^2 * B2),8.1208,3.766,-0.0678,,,,,
Family,Rutaceae,e^(B0 + (ln(DBH) * B1)),2.6784,0.1675,,,,,,
Family,Scrophulariaceae,B0 + (ln(DBH) * B1),6.8028,13.064,,,,,,
Family,Simaroubaceae,B0 + (DBH * B1) + (DBH^2 * B2),7.3852,5.0019,-0.1373,,,,,
Family,Tiliaceae,e^(B0 + (ln(DBH) * B1)),2.5996,0.4173,,,,,,
Family,Ulmaceae,e^(B0 + (ln(DBH) * B1)),2.4743,0.56,,,,,,
Genus,Betula,e^(B0 + (ln(DBH) * B1)),2.6637,0.5156,,,,,,
Genus,Carpinus,e^(B0 + (ln(DBH) * B1)),2.7671,0.3205,,,,,,
Genus,Carya,B0 + (DBH * B1) + (DBH^2* B2),9.1062,6.0882,-0.1281,,,,,
Genus,Catalpa,e^(B0 + (ln(DBH) * B1)),2.4327,0.5463,,,,,,
Genus,Celtis,e^(B0 + (ln(DBH) * B1)),2.5054,0.5355,,,,,,
Genus,Crataegus,B0 + (ln(DBH) * B1),9.9227,6.9489,,,,,,
Genus,Cupressus,e^(B0 + (ln(DBH) * B1)),2.2087,0.5194,,,,,,
Genus,Eucalyptus,e^(B0 + (ln(DBH) * B1)),2.6662,0.4861,,,,,,
Genus,Fagus,B0 + (DBH * B1) + (DBH^2 * B2),8.7068,5.9258,-0.1087,,,,,
Genus,Fraxinus,e^(B0 + (ln(DBH) * B1)),2.6408,0.5606,,,,,,
Genus,Gleditsia,e^(B0 + (ln(DBH) * B1)),2.2877,0.5429,,,,,,
Genus,Juglans,e^(B0 + (ln(DBH) * B1)),2.437,0.6096,,,,,,
Genus,Juniperus,e^(B0 + (ln(DBH) * B1)),2.1482,0.6457,,,,,,
Genus,Liquidambar,B0 + (DBH * B1) + (DBH^2 * B2),10.0766,6.0952,-0.1325,,,,,
Genus,Liriodendron,B0 + (ln(DBH) * B1),4.1588,27.6253,,,,,,
Genus,Magnolia,e^(B0 + (ln(DBH) * B1)),2.6281,0.3999,,,,,,
Genus,Malus,e^(B0 + (ln(DBH) * B1)),2.4015,0.2916,,,,,,
Genus,Morus,e^(B0 + (ln(DBH) * B1)),2.4279,0.4837,,,,,,
Genus,Ostrya,e^(B0 + (ln(DBH) * B1)),2.5763,0.6192,,,,,,
Genus,Phellodendron,B0 + (DBH * B1),12.0006,2.4973,,,,,,
Genus,Picea,e^(B0 + (ln(DBH) * B1)),1.9897,0.7152,,,,,,
Genus,Pinus,B0 + (DBH * B1) + (DBH^2 * B2),2.4132,5.9575,-0.1103,,,,,
Genus,Populus,B0 + (DBH * B1) + (DBH^2 * B2),4.8743,5.8071,-0.119,,,,,
Genus,Prunus,B0 + (DBH * B1) + (DBH^2 * B2),6.9939,4.8184,-0.1006,,,,,
Genus,Pyrus,B0 + (DBH * B1),10.7232,1.5314,,,,,,
Genus,Quercus,B0 + (DBH * B1) + (DBH^2 * B2),11.675,4.4321,-0.0678,,,,,
Genus,Rhus,e^(B0 + (ln(DBH) * B1)),2.3635,0.4713,,,,,,
Genus,Robinia,e^(B0 + (ln(DBH) * B1)),2.477,0.624,,,,,,
Genus,Salix,e^(B0 + (ln(DBH) * B1)),2.4928,0.5078,,,,,,
Genus,Sassafras,B0 + (DBH * B1) + (DBH^2 * B2),5.9816,6.2457,-0.1651,,,,,
Genus,Syringa,e^(B0 + (ln(DBH) * B1)),2.5968,0.1533,,,,,,
Genus,Thuja,B0 + (DBH * B1),5.5987,2.2494,,,,,,
Genus,Tsuga,B0 + (DBH * B1) + (DBH^2 * B2),1.1086,5.1392,-0.1033,,,,,
Genus,Ulmus,e^(B0 + (ln(DBH) * B1)),2.4772,0.5612,,,,,,
Genus,Ginkgo,B0 + (B1 * DBH) - (B2 * DBH^2),16.604,3.683,0.0656,,,,,
Genus,Ilex,B0 + (DBH * B1) + (DBH^2 * B2),4.1301,3.8555,-0.1097,,,,,
Genus,Viburnum,e^(B0 + (ln(DBH) * B1)),2.4026,0.1505,,,,,,
Species,Acer negundo,e^(B0 + (ln(DBH) * B1)),2.479,0.5371,,,,,,
Species,Acer palmatum,e^(B0 + (ln(DBH) * B1)),2.0076,0.4723,,,,,,
Species,Acer platanoides,e^(B0 + (ln(DBH) * B1)),2.6043,0.4534,,,,,,
Species,Acer pseudoplatanus,e^(B0 + (ln(DBH) * B1)),2.5842,0.54,,,,,,
Species,Acer rubrum,e^(B0 + (ln(DBH) * B1)),2.6393,0.5613,,,,,,
Species,Acer saccharinum,e^(B0 + (ln(DBH) * B1)),2.69,0.4652,,,,,,
Species,Acer saccharum,B0 + (ln(DBH) * B1),11.3449,19.5311,,,,,,
Species,Betula papyrifera,e^(B0 + (ln(DBH) * B1)),2.8698,0.4381,,,,,,
Species,Betula pendula,B0 + (ln(DBH) * B1),17.7323,10.4284,,,,,,
Species,Betula populifolia,e^(B0 + (ln(DBH) * B1)),2.575,0.5303,,,,,,
Species,Carpinus caroliniana,e^(B0 + (ln(DBH) * B1)),2.783,0.3189,,,,,,
Species,Carya alba,B0 + (DBH * B1) + (DBH^2 * B2),9.3934,6.5955,-0.1521,,,,,
Species,Carya cordiformis,B0 + (DBH * B1) + (DBH^2 * B2),6.4104,6.3745,-0.083,,,,,
Species,Carya glabra,e^(B0 + (ln(DBH) * B1)),2.6764,0.5947,,,,,,
Species,Carya illinoinensis,e^(B0 + (ln(DBH) * B1)),2.7997,0.4137,,,,,,
Species,Carya ovata,e^(B0 + (ln(DBH) * B1)),2.6684,0.6181,,,,,,
Species,Catalpa speciosa,e^(B0 + (ln(DBH) * B1)),2.4414,0.5456,,,,,,
Species,Celtis laevigata,e^(B0 + (ln(DBH) * B1)),2.6831,0.4544,,,,,,
Species,Celtis occidentalis,e^(B0 + (ln(DBH) * B1)),2.3792,0.6343,,,,,,
Species,Cornus florida,e^(B0 + (ln(DBH) * B1)),2.6208,0.3129,,,,,,
Species,Eucalyptus globulus,e^(B0 + (ln(DBH) * B1)),2.6534,0.5052,,,,,,
Species,Fagus grandifolia,B0 + (DBH * B1) + (DBH^2 * B2),8.68,5.9536,-0.1094,,,,,
Species,Fraxinus americana,B0 + (DBH * B1) + (DBH^2 * B2),9.0318,6.2878,-0.1428,,,,,
Species,Fraxinus pennsylvanica,e^(B0 + (ln(DBH) * B1)),2.6417,0.5015,,,,,,
Species,Ilex opaca,B0 + (DBH * B1) + (DBH^2 * B2),4.1301,3.8555,-0.1097,,,,,
Species,Juglans nigra,e^(B0 + (ln(DBH) * B1)),2.426,0.6078,,,,,,
Species,Juniperus virginiana,e^(B0 + (ln(DBH) * B1)),2.2621,0.5944,,,,,,
Species,Lagerstroemia indica,e^(B0 + (ln(DBH) * B1)),2.6184,0.1761,,,,,,
Species,Liquidambar styraciflua,B0 + (DBH * B1) + (DBH^2 * B2),10.193,6.0733,-0.1317,,,,,
Species,Liriodendron tulipifera,B0 + (ln(DBH) * B1),4.2684,27.5937,,,,,,
Species,Magnolia grandiflora,e^(B0 + (ln(DBH) * B1)),2.5784,0.457,,,,,,
Species,Malus pumila,e^(B0 + (ln(DBH) * B1)),2.3415,0.3107,,,,,,
Species,Morus alba,e^(B0 + (ln(DBH) * B1)),2.4252,0.4958,,,,,,
Species,Morus rubra,e^(B0 + (ln(DBH) * B1)),2.4371,0.4384,,,,,,
Species,Picea abies,B0 + (ln(DBH) * B1),-6.4857,22.4012,,,,,,
Species,Picea glauca,e^(B0 + (ln(DBH) * B1)),2.1318,0.6375,,,,,,
Species,Picea pungens,e^(B0 + (ln(DBH) * B1)),1.7763,0.7273,,,,,,
Species,Pinus elliottii,B0 + (ln(DBH) * B1),-19.9031,37.2196,,,,,,
Species,Pinus nigra,B0 + (DBH * B1) + (DBH^2 * B2),7.7851,2.8191,-0.0616,,,,,
Species,Pinus radiata,e^(B0 + (ln(DBH) * B1)),2.1094,0.5924,,,,,,
Species,Pinus strobus,B0 + (DBH * B1) + (DBH^2 * B2),3.7779,3.9924,-0.0284,,,,,
Species,Pinus taeda,B0 + (DBH * B1) + (DBH^2 * B2),3.6528,6.7587,-0.15,,,,,
Species,Pinus virginiana,e(B0 + (ln(DBH) * B1)),2.0008,0.7644,,,,,,
Species,Platanus hybrida,e^(B0 + (ln(DBH) * B1)),2.2615,0.5779,,,,,,
Species,Platanus occidentalis,e^(B0 + (ln(DBH) * B1)),2.6718,0.5512,,,,,,
Species,Populus balsamifera,B0 + (ln(DBH) * B1),0.5398,23.3071,,,,,,
Species,Populus deltoides,B0 + (DBH * B1) + (DBH^2 * B2),5.0638,6.2902,-0.1315,,,,,
Species,Populus tremuloides,B0 + (DBH * B1),6.7078,4.541,,,,,,
Species,Prunus avium,e^(B0 + (ln(DBH) * B1)),2.5504,0.3789,,,,,,
Species,Prunus serotina,B0 + (DBH * B1) + (DBH^2 * B2),6.447,5.5094,-0.1154,,,,,
Species,Prunus virginiana,B0 + (ln(DBH) * B1),10.9243,9.0672,,,,,,
Species,Pyrus calleryana,B0 + (DBH * B1),10.5106,1.6266,,,,,,
Species,Quercus alba,B0 + (DBH * B1) + (DBH^2 * B2),11.3288,5.2509,-0.0868,,,,,
Species,Quercus falcata,e^(B0 + (ln(DBH) * B1)),2.7638,0.4974,,,,,,
Species,Quercus nigra,B0 + (DBH * B1) + (DBH^2 * B2),13.7152,4.1217,-0.0753,,,,,
Species,Quercus palustris,e^(B0 + (ln(DBH) * B1)),2.4768,0.6079,,,,,,
Species,Quercus phellos,e^(B0 + (ln(DBH) * B1)),2.3827,0.6018,,,,,,
Species,Quercus prinus,e^(B0 + (ln(DBH) * B1)),2.6032,0.5449,,,,,,
Species,Quercus rubra,B0 + (DBH * B1) + (DBH^2 * B2),12.5945,4.3658,-0.0594,,,,,
Species,Quercus stellata,e^(B0 + (ln(DBH) * B1)),2.5234,0.5601,,,,,,
Species,Quercus velutina,B0 + (DBH * B1) + (DBH^2 * B2),9.2622,4.8707,-0.0765,,,,,
Species,Quercus virginiana,e^(B0 + (ln(DBH) * B1)),2.2789,0.4319,,,,,,
Species,Rhamnus cathartica,e^(B0 + (ln(DBH) * B1)),2.6402,0.1898,,,,,,
Species,Rhus hirta,B0 + (DBH * B1) + (DBH^2* B2),4.2632,6.9728,-0.6906,,,,,
Species,Robinia pseudoacacia,B0 + (DBH * B1) + (DBH^2 * B2),6.9592,5.7702,-0.1203,,,,,
Species,Salix nigra,e^(B0 + (ln(DBH) * B1)),2.6306,0.4739,,,,,,
Species,Salix sericea,e^(B0 + (ln(DBH) * B1)),2.6269,0.3717,,,,,,
Species,Syringa vulgaris,B0 + (ln(DBH) * B1),12.1013,5.2485,,,,,,
Species,Thuja occidentalis,B0 + (DBH * B1),5.8337,2.1101,,,,,,
Species,Tilia americana,B0 + (DBH * B1) + (DBH^2 * B2),9.8287,4.5034,-0.0843,,,,,
Species,Tilia cordata,B0 + (ln(DBH) * B1),-4.0394,14.3333,,,,,,
Species,Tsuga canadensis,B0 + (DBH * B1) + (DBH^2 * B2),1.2021,5.1368,-0.1035,,,,,
Species,Ulmus alata,e^(B0 + (ln(DBH) * B1)),2.4175,0.579,,,,,,
Species,Ulmus americana,e^(B0 + (ln(DBH) * B1)),2.5502,0.5341,,,,,,
Species,Ulmus crassifolia,B0 + (DBH * B1) + (DBH^2 * B2),7.1054,4.3431,-0.0949,,,,,
Species,Ulmus pumila,e^(B0 + (ln(DBH) * B1)),2.3164,0.6227,,,,,,
Species,Ulmus rubra,B0 + (DBH * B1) + (DBH^^2 * B^^2),8.3578,4.4572,-0.0845,,,,,
Species,Morus,e^(B0 + (ln(DBH) * B1)),2.4279,0.4837,,,,,,
Species,Ulmus,e^(B0 + (ln(DBH) * B1)),2.4772,0.5612,,,,,,
Species,Prunus,B0 + (DBH * B1) + (DBH^2 * B2),6.9939,4.8184,-0.1006,,,,,
Species,Pinus,B0 + (DBH * B1) + (DBH^2 * B2),2.4132,5.9575,-0.1103,,,,,